date,SMA_ratio,SMA_Volume_Ratio,Stochastic_15,Stochastic_Ratio,RSI_15,RSI_ratio,MACD,close,price_pct_variation,score,upvote_ratio,num_comments
2022-05-09 15:00:00,1.0419189065237846,1.182648763131589,0.1669168402597559,0.5262169610705234,28.666635180253664,0.0,1.2314055322099833,44.09999847412109,-0.0096564185260139,1.0,1.0,1.0
2022-05-10 13:00:00,1.028754980177082,0.6717003916231344,2.5882496553308822,1.3902811222571234,23.6092132505176,1.4691165632963377,1.1185700046283171,42.90999984741211,-0.0162769165946419,3.0,1.0,3.0
2022-05-11 11:00:00,1.0210996355141848,1.0339771839180272,3.124986695390432,0.6391905561991027,27.32166538568764,0.0,1.2353930739957022,41.15999984741211,-0.0033898157926067,18.0,0.93,7.0
2022-05-11 14:00:00,1.036010180566481,1.5888576152826728,33.33333333333333,0.7164881386680284,37.98817941075825,0.9766584187752194,1.1041285647841903,41.560001373291016,0.0065391245283827,6.333333333333333,0.9366666666666666,0.3333333333333333
2022-05-13 07:00:00,0.985714067007136,0.8011234876620775,94.74666983484444,1.1416614010316488,63.345183168648376,1.2885576408105894,-0.2542996244086595,43.54999923706055,0.036411203299123,1.0,1.0,0.0
2022-05-13 13:00:00,0.9771553831225548,0.5225266322950108,98.57956731368404,0.9533450912332656,74.30658812286781,1.0352139688119986,-0.6835039698435139,44.34000015258789,0.0130226111232107,4.0,1.0,2.0
2022-05-13 15:00:00,0.9827155974785318,0.8144240100682073,70.39998372395834,0.7518118324288403,72.28072171433925,0.7097152468158793,-0.4702196787460266,43.59000015258789,-0.0027453428139602,2.0,1.0,0.0
2022-05-16 12:00:00,0.9921646252044044,0.86392784827353,67.8063306615949,0.7501522406671094,66.62182809920071,0.4100330343136947,-0.4239022821946179,44.4900016784668,0.0033829843338453,6.0,1.0,0.0
2022-05-16 15:00:00,0.997486585090569,1.185848074184796,44.06782400672421,0.9018085237140492,56.22949989275064,1.1566991118334549,-0.2458406892110716,44.29999923706055,0.000225746699628,1.0,1.0,0.0
2022-05-17 08:00:00,0.9950694653629168,1.1256730247506157,71.1462927362509,1.14977615133206,59.40462812357562,1.071236067615281,-0.4754709320269441,45.060001373291016,-0.0072702802554494,3.0,1.0,6.0
2022-05-17 11:00:00,0.983687286852833,0.994465352684727,90.83964019580152,1.3511870593604391,64.25408742376229,1.2747025124776417,-0.6408416711938187,45.63999938964844,-0.0002191048389078,3.0,0.76,3.0
2022-05-17 12:00:00,0.9865839689162524,1.2571971608235128,76.03300183326004,1.2057695253603096,62.23177019664001,0.7498846277572312,-0.54052799859506,45.29999923706055,-0.0074496090520326,7.0,0.67,4.0
2022-05-17 14:00:00,0.9886415351128628,0.9355616507785074,61.2903509342484,0.9670058278679105,51.53376051773877,0.0,-0.3298780680956241,45.040000915527344,-0.0039805462254912,1.0,0.67,5.0
2022-05-18 11:00:00,1.0012547399273013,0.6390033545237066,61.34025483718736,0.7650928690264922,62.500014191595625,0.721570575525655,-0.1080227431071989,45.130001068115234,0.001775845336505,17.0,1.0,19.0
2022-05-18 12:00:00,1.0024353547124278,0.7796709108442512,64.43290860468774,0.8807045060811837,63.04985960555313,0.8362769870090837,-0.1035001780125881,45.18999862670898,0.0013294384483437,2.0,1.0,2.0
2022-05-19 07:00:00,0.9948650507931508,1.1896296733828735,75.54343882490748,1.3212669111239987,59.90985650241168,1.6691744203389052,-0.3380134483839327,46.09000015258789,0.0089754782108801,4.0,1.0,5.0
2022-05-19 10:00:00,0.9775849247270534,1.2624990306535058,94.61076955232132,1.3845654076345886,87.07858907840907,1.1483879224312648,-0.9585188168005416,47.86000061035156,0.0046179937766945,1.0,0.6,0.0
2022-05-20 09:00:00,0.9865326998002472,1.0491696270539648,73.68420524280052,0.5455080113961503,78.00002882218155,0.6360551275761548,-0.5232255020398284,47.709999084472656,0.0054794165933138,5.0,1.0,2.0
2022-05-20 15:00:00,0.9986748173308198,1.560889274034203,11.37716275622144,0.6570312005998301,47.33727142834571,1.1245643864720714,-0.1885442391332645,47.27999877929688,-0.0065140023596775,0.0,0.5,4.0
2022-05-23 12:00:00,0.9908116388248448,0.4979096218874884,39.52094714131854,1.5156965072612416,50.83800847118995,1.4305694979171917,-0.3412916834347612,48.220001220703125,-0.0049524941870341,1.0,0.67,0.0
2022-05-23 13:00:00,0.991286119217851,0.42466779163335,47.60479281283657,1.539980751756982,55.618784158639336,1.0787740622686828,-0.3535635889110864,48.4900016784668,0.0055993457264316,2.0,1.0,0.0
2022-05-23 14:00:00,0.9925941107788276,0.535947152473076,39.52094714131854,1.3334109045137266,55.46099674533241,0.8451907994316152,-0.2897402888668878,48.220001220703125,-0.005568167630804,6.0,0.56,12.0
2022-05-24 08:00:00,1.001861798872826,0.5602744133856968,15.522391118935348,0.8156334673221176,52.01728156193659,0.4386768357908838,0.0756930261770421,47.40999984741211,-0.0018947400544818,63.0,0.96,12.0
2022-05-24 11:00:00,1.0071210723676531,0.5538270960637959,33.333386985921024,1.1552336210862273,51.13350174351623,0.5828142382655328,0.0785247499895334,47.68000030517578,-0.0027191186860717,2.0,1.0,0.0
2022-05-24 12:00:00,1.006778763965903,0.7491918503839484,35.443060386523975,1.186590415548489,56.06469556991635,1.1582159801496743,0.0784458322430765,47.72999954223633,0.001048641710162,0.0,0.5,0.0
2022-05-24 13:00:00,1.0072214342870909,0.7576011133032694,10.880779858401622,1.1140471388311048,42.051249948648326,0.907651947706045,0.2063814430715211,47.09999847412109,-0.0131992682622539,3.0,1.0,2.0
2022-05-24 14:00:00,1.0103586168162852,0.883437044181998,5.7376831329313305,0.9320331967846536,26.424878147124744,0.1313978642514703,0.393244242667933,46.52000045776367,-0.0123141833364622,0.0,0.5,3.0
2022-05-25 10:00:00,1.004880191177462,0.7440997219243094,49.12278647053312,1.423985892017026,38.55930559596548,2.0135145309170928,0.1145056018230263,47.40999984741211,0.0014786585255299,3.0,1.0,4.0
2022-05-25 14:00:00,0.994749108449636,0.8545608778832617,91.89204050457164,1.3413691576552864,60.40725758774879,1.6554302246669286,-0.1978694332878774,48.33000183105469,0.0138452630052614,3.0,1.0,2.0
2022-05-26 12:00:00,0.9877598033275412,0.9154860743773144,76.24511105004999,0.7749345222162587,78.2485193837878,0.5324894074632985,-0.3910605398518001,48.77999877929688,0.0010260463273186,3.0,1.0,4.0
2022-05-26 13:00:00,0.9900591648413112,0.8480937965005901,71.66667196485395,0.7222343264939467,74.69511556881909,0.643641560602993,-0.3562468939961576,48.720001220703125,-0.0012299622815737,7.5,0.73,6.0
2022-05-26 15:00:00,0.993138878746576,1.235155500366879,55.86845211124582,0.6799428871641984,71.70535815936825,0.6116652050970165,-0.231915428215558,48.459999084472656,-0.0051324164380798,9.0,0.85,2.0
2022-05-27 09:00:00,0.9982873662497485,1.093997047502104,70.55830093101792,0.8774862174239741,72.24326990020887,0.8037337931909494,-0.2149796997128845,48.81999969482422,0.0002048416564617,1.0,1.0,1.0
2022-05-27 11:00:00,0.9975424798391992,0.9080818881210068,80.29197690024448,1.257578854243094,67.69905156073033,1.477125568152069,-0.2745007836272748,49.130001068115234,0.0047034669746299,2.0,1.0,0.0
2022-05-27 12:00:00,0.9961867366300052,1.1311041410331404,78.1020109261621,1.3527302252387932,68.60976114597928,1.39225108145987,-0.2837531265888202,49.09999847412109,-0.000610677658088,46.5,0.71,0.5
2022-05-27 14:00:00,0.9970409736457764,1.2712647128186438,41.22140072042375,1.0242048278566058,45.771107454579614,0.7784873744277604,-0.1121107977670732,48.56999969482422,-0.0036923139523237,1.0,0.67,0.0
2022-05-30 10:00:00,1.0064030849600898,0.7149650206113268,4.430596733850329,0.6723080926657038,34.60208343233069,0.6812130168945981,0.1991794579606249,47.83000183105469,-0.0142209113808566,2.0,1.0,4.0
2022-05-30 11:00:00,1.0081790142398626,0.5708722466960353,13.855395384215884,0.7717564844533628,36.48647777870853,0.7182614719159269,0.2512841839829889,47.90999984741211,0.0016725488876205,52.0,0.95,0.0
2022-05-30 12:00:00,1.0085477110133632,0.7277291700708567,17.469936276165722,0.7440907294257149,41.155262498313,0.9461250845300352,0.2587081470611068,47.970001220703125,0.0012523768207495,1.0,1.0,0.0
2022-05-30 15:00:00,1.0032808142130856,0.8339165004367914,59.03612242881338,1.2958194233109877,47.499997019761366,1.9920783915575573,-0.0324140307682725,48.65999984741211,0.0010285792312847,6.0,0.8566666666666668,0.3333333333333333
2022-05-31 07:00:00,1.0011428281913497,0.7080042752805653,30.72279327785936,1.462827862552586,40.1113596395688,1.5109439660969428,0.0323183663377548,48.18999862670898,-0.0096588824943887,71.0,0.98,3.0
2022-05-31 09:00:00,0.9960108624848646,1.14602026776858,87.14284935776917,1.6609815894013886,47.52478613109739,1.2493490534023228,-0.1296441791812199,48.900001525878906,0.0020492272619221,4.0,1.0,0.0
2022-05-31 13:00:00,0.9943810948433408,1.571729554557381,66.4178573360321,1.167898924974184,54.95748718347727,0.5149805354124339,-0.0672383260433946,48.56999969482422,-0.0008228947752538,2.0,0.875,1.0
2022-05-31 14:00:00,0.9956624684796695,1.4584135610662017,75.37300048680086,1.060385940068748,54.4412284862966,0.5677462049441215,-0.0641408808714985,48.68999862670898,0.0024706389260602,2.0,1.0,1.0
2022-06-01 08:00:00,0.9984676335493486,1.1215635211163797,88.32116991565893,0.9274331527151742,67.00678859847619,1.1766875676649904,-0.1084045589412667,48.90999984741211,0.0014332451802931,1.0,0.57,3.0
2022-06-01 09:00:00,0.9984149863598706,0.8287695306259386,86.86128134945717,0.9511566047545889,65.8620290495621,1.2450264692075574,-0.1175072860180392,48.88999938964844,-0.0004089236930293,31.333333333333332,0.8933333333333334,4.0
2022-06-01 11:00:00,0.9976254839437128,0.4961350345129657,75.1824512651161,1.0026167440799676,52.58617996464834,1.1733531935337365,-0.0799157695062717,48.72999954223633,-0.0032726498140637,1.5,1.0,1.0
2022-06-02 08:00:00,1.003326721799802,1.258260441600859,0.0,0.8422528848067855,27.000011444077245,0.7334076096507116,0.2773274879712346,47.40999984741211,-0.023279790828223,3.0,1.0,1.0
2022-06-02 09:00:00,1.0073951131737808,1.1675151016438818,12.138678614977874,0.6720824209922533,32.094588934553514,0.4730786527980504,0.3961953868783539,47.54999923706055,0.0029529506454128,3.0,0.8,1.0
2022-06-02 10:00:00,1.0107056502897462,1.0193957008576444,18.49709708076356,0.5855303123091189,34.983513723456085,0.6049725646101243,0.4261100596310001,47.65999984741211,0.0023133672369404,4.0,0.84,4.0
2022-06-02 14:00:00,1.0104249491792945,0.8154304953509149,27.745645621145336,0.9288761982384282,31.010443236087312,2.6247821640959828,0.2955686220284335,47.81999969482422,0.0016757020013575,5.0,1.0,5.0
2022-06-03 12:00:00,1.0007398704156396,0.6986738492683011,7.246260632078262,0.8251528261891644,24.29565593489208,0.5065691785619296,0.2150373809156747,47.43999862670898,-0.004407196063905,3.0,1.0,2.0
2022-06-07 09:00:00,1.0016679369224883,0.9528606048732288,11.792437552407035,0.7377247117565975,41.25874312420972,0.1810844921803156,0.2924932713224493,46.68999862670898,-0.0137304926866033,12.0,0.87,10.0
2022-06-07 15:00:00,1.0056595174607708,1.4533579902848135,54.99992370605469,1.0950032255780806,44.20290856620014,1.7656922956744288,0.0210902447453804,47.65999984741211,-0.0050104732948104,4.5,0.86,2.0
2022-06-08 12:00:00,0.9927958222681148,0.9894914424798136,37.96788716649429,0.9392746913747212,43.18660745489341,0.7809786873290128,0.0121222396516813,47.27000045776367,-0.00734982112498,2.0,0.76,3.0
2022-06-08 13:00:00,0.9958963687356532,1.0209755549790325,51.381193345992784,0.6709960742949115,49.787229207265455,0.4987660305080087,0.0137526000855245,47.54999923706055,0.0059233927773505,5.0,1.0,2.0
2022-06-10 07:00:00,1.0103961570317217,1.3985112536450108,2.732201708069032,0.16638749305552,28.47894442503484,0.0283234794685162,0.4164938596176029,46.20000076293945,-0.0092215375364811,1.0,1.0,4.0
2022-06-10 08:00:00,1.0103492959677387,1.3683492656313112,40.437085568129945,0.5439495983391129,40.10838315367685,1.0707189012463167,0.3225526279987818,46.88999938964844,0.0149350349635164,22.0,0.84,2.0
2022-06-10 12:00:00,1.005351267446074,0.777562654940649,19.12562041011167,1.627347228839895,36.52391156037706,1.6224779681301211,0.2332450148345586,46.5,-0.0078941527697168,1.0,1.0,1.0
2022-06-10 14:00:00,1.0075414781545085,1.231663704005565,0.0,1.4366743376667424,30.628257350540096,0.6296727329974916,0.4264015866416457,45.7400016784668,-0.0101709027335554,1.0,0.67,0.0
2022-06-13 11:00:00,1.0305366390970048,0.9390048703856352,7.784494741086001,0.7623160189615382,21.27659229090389,0.1296580928107013,0.9468179167569062,44.20000076293945,-0.0024825232891522,1.0,0.67,2.0
2022-06-13 12:00:00,1.0287335564458695,1.1686131176377297,12.275443972493065,0.8589797885343081,25.109131206485984,1.0365641584794407,0.8647370723779133,44.34999847412109,0.0033936133165728,7.0,0.63,1.5
2022-06-13 13:00:00,1.0257185798914834,0.9557721190528666,11.377276968709204,0.9405683039177436,27.511930065041557,2.0312115800623105,0.7870756141612674,44.31999969482422,-0.0006764099285004,0.0,0.5,3.0
2022-06-14 10:00:00,0.996284560796781,0.7198333591800482,74.34785348928237,1.6482475317422285,42.43245918270559,2.3230187297570515,0.0089923663423761,45.650001525878906,0.0139938041250418,1.0,1.0,0.0
2022-06-14 13:00:00,0.9877144053326252,1.2768712831814306,63.54166459706308,1.4713810062886934,57.142840218740815,1.0644322406915905,-0.0272026237270281,45.15999984741211,0.0060147128856038,3.0,1.0,4.0
2022-06-14 14:00:00,0.991017394184052,1.3726519720363717,11.602150560296408,1.244430045417585,49.72972359946512,0.7069461845725912,0.1458133540810777,44.2599983215332,-0.0199291746882165,1.0,0.8,0.5
2022-06-15 14:00:00,1.0004162689160148,0.7542802134272469,29.381448366856155,1.0176329948658187,46.47885378057607,0.3709536459066427,0.1129825203132881,44.38999938964844,-0.0038151251885839,0.0,0.25,0.0
2022-06-16 15:00:00,1.0253983146002386,1.1661752096534703,18.25846278474936,0.875193037322738,18.749988537557385,1.832311345995545,0.7622047540678452,42.36000061035156,0.0080913885979045,2.5,0.915,0.5
2022-06-17 08:00:00,1.0180073998394192,1.0858642863131824,25.84274238052019,1.7187349366867788,22.197285061680983,2.008626027855847,0.5319253631512382,42.630001068115234,-0.0021067450846483,3.0,0.8,1.0
2022-06-17 10:00:00,1.0066069878641353,1.0331057127067895,33.12503501772046,2.1300253851177784,29.519417441827983,2.7100805819644256,0.3322221872109736,42.77000045776367,-0.0037269938568534,14.0,0.95,9.0
2022-06-20 07:00:00,0.9980346365585124,0.7688273322772617,99.30540838384266,1.0001096871232635,53.65855171408517,1.2646084461828084,0.1026556084024434,43.13999938964844,0.0150588091681984,9.0,0.77,6.0
2022-06-20 10:00:00,0.9947087604772028,0.6176944869924385,72.78093286142511,1.0860405465973684,55.38459190955529,1.3588181742153391,-0.0146209690320375,42.93999862670898,-0.0027868727996944,1.0,1.0,1.0
2022-06-20 11:00:00,0.9920804160992852,0.5936139084009958,88.23522211954493,1.1873471904567974,73.65266383495839,1.1514863623102976,-0.1467909125852173,43.59999847412109,0.0153702810554257,8.0,0.75,16.0
2022-06-20 14:00:00,0.9910943419920936,0.9167787303188212,73.20260297197567,1.0526719374345717,63.60540025042007,1.0346887212871008,-0.2080619825864644,43.43000030517578,0.0002303578224842,1.5,1.0,0.5
2022-06-21 08:00:00,0.9928252766428932,0.9459701351924256,67.55331453036544,0.8984406464375974,63.043460233027886,0.7033192688612018,-0.2106333870781327,43.58000183105469,-0.0034300871884703,1.0,1.0,0.0
2022-06-21 12:00:00,0.9967705826466184,1.0892215000067849,57.14291702822457,0.6192660335922862,63.34310686410616,0.4813094303083671,-0.0975337385342314,43.40999984741211,0.0006915347754319,1.0,1.0,0.0
2022-06-22 08:00:00,1.0118134748122043,1.5560753668159473,17.77778091744986,0.6429722488339606,28.6089462217452,0.4766477521644836,0.4748368207883899,41.970001220703125,0.0043072577466467,1.0,0.99,0.0
2022-06-23 07:00:00,0.9979473905499135,0.9634790004252444,49.236550638670856,1.7093240117028572,39.2856969082418,1.8181814567440813,-0.0028015450242619,42.77999877929688,-0.0078849759046835,5.0,0.86,0.0
2022-06-23 12:00:00,0.984025607525538,0.681985532086766,72.90078725482915,1.0989055246656778,51.83587715503924,1.4108856275072357,-0.2705987522981274,43.400001525878906,-0.0079999651227679,79.0,0.95,42.0
2022-06-23 14:00:00,0.9863742994434403,0.997897537114906,95.02259475470278,1.1093194378418716,78.11638125067365,0.8686691285734989,-0.3539966938667263,44.0,0.0064043634830524,1.0,1.0,1.0
2022-06-24 10:00:00,0.9911846235244922,0.8870560175675462,98.77297885535754,1.1362329454603577,71.76476264098994,0.9863693209942672,-0.3782918100396699,44.369998931884766,0.0074931428132889,14.666666666666666,0.8333333333333334,5.0
2022-06-24 12:00:00,0.9898017644606932,1.1325169602106668,92.34976778314198,1.2211211663367938,70.46161466537397,1.4192124389272858,-0.4099291189506289,44.45000076293945,0.0009007186594187,2.0,0.67,0.0
2022-06-24 14:00:00,0.9881823303762052,1.5838179793976856,89.28575599160766,1.1075856695439914,78.76722171562646,1.2695636309355978,-0.5017798606333344,44.97999954223633,0.0080681447550261,3.5,0.7050000000000001,2.0
2022-06-27 07:00:00,0.986894559530375,1.5005206525511976,62.81593469019017,0.953856199203054,74.82020805231907,1.173985572756112,-0.5183937824761955,44.970001220703125,-0.0019973402096085,0.0,0.33,0.0
2022-06-27 08:00:00,0.9861877669782976,1.4726116858348262,65.70394924387755,0.8736371343505223,74.07412116922181,1.194229502083478,-0.5018598501787679,45.04999923706055,0.001778919594972,1.0,1.0,0.0
2022-06-27 09:00:00,0.9868633477823022,1.337410061280594,64.25987310969387,0.7452688020459037,83.68200369339992,0.9559986507742372,-0.4629707051796217,45.0099983215332,-0.0008879226682525,18.0,0.93,0.0
2022-06-27 10:00:00,0.9883220114238224,0.7695162654423536,68.231013621359,0.6418983413136377,82.11009094042939,0.8220653049619586,-0.4439117183708845,45.119998931884766,0.002443915006745,0.0,0.5,0.0
2022-06-28 14:00:00,1.004769883131515,1.0173284932918003,28.676412839816447,1.4365593721006016,32.17394333025946,1.9740674545281975,0.0535519497474012,44.22999954223633,-0.0033799351570245,8.0,0.83,3.0
2022-06-29 11:00:00,1.0162775293503534,1.1074445309912826,24.786238399001007,0.6005840133461909,31.927718457255324,0.8163393011680938,0.4990009068655894,43.13999938964844,0.0105411285410046,3.0,1.0,1.0
2022-06-29 13:00:00,1.0122444454273145,1.5246371773702962,41.791087265543005,1.19674577208203,40.99219830818924,1.5637755011517454,0.2797368911998319,43.400001525878906,-0.0057273766611848,2.0,1.0,7.0
2022-06-29 14:00:00,1.008748820132285,1.4769439638986157,48.25861771197683,1.4610565775549893,41.45078897929294,1.5937104176763146,0.207899255609739,43.52999877929688,0.0029953283144577,7.5,0.71,2.0
2022-06-29 15:00:00,1.0056285982817603,1.4770814217896038,23.38297504882247,1.5406626058089303,38.09525107038473,1.5550267330055865,0.2614981658651061,43.02999877929688,-0.0114863315879025,1.0,0.67,0.0
2022-06-30 07:00:00,1.006712333194775,1.451188585561212,11.836768376325216,1.369014425327017,34.04256873347303,0.9353228451222824,0.4110348840790152,42.40999984741211,-0.014408527759082,3.0,1.0,2.0
2022-06-30 08:00:00,1.0101043058718409,0.9030578238228428,11.020423415694438,1.0296398093598522,32.46756892661013,0.2634157731457857,0.4853049449012729,42.38999938964844,-0.0004715976853485,11.0,1.0,11.0
2022-06-30 12:00:00,1.01615864137032,1.0218002137054143,13.392813047617263,0.5117782685280567,28.199545877314065,0.837280925213022,0.5960102122967328,42.02999877929688,0.004061112433507,0.0,0.41500000000000004,0.5
2022-06-30 13:00:00,1.0159629291398236,1.0278930152010777,5.529909361310147,0.4980022348332509,29.54545257505204,0.6464958619289998,0.590241470034492,41.84000015258789,-0.0045205479949377,1.0,1.0,2.0
2022-06-30 15:00:00,1.0146247648484137,1.0637737612172242,25.40327356460452,0.9781799410840312,37.62886902011369,1.3656781885882143,0.4718510172915913,42.040000915527344,0.002862661064497,110.0,0.9,22.0
2022-07-01 07:00:00,1.0148654491848446,0.95129787301891,20.06373218390246,1.0656420434472031,34.51537964843426,0.8786762914027724,0.5466605318085058,41.380001068115234,-0.0156993299961689,1.0,0.8300000000000001,0.0
2022-07-01 11:00:00,1.0078344808805653,0.7861418047882136,39.56830781052747,1.707908006223319,27.65953777164539,1.583206678875436,0.3120134758380928,41.84999847412109,0.0019152026689182,5.0,0.73,1.0
2022-07-04 08:00:00,0.9970011433620616,0.9348921356847256,57.21926770010343,1.0241025802990806,49.295757621345146,0.792411743683687,0.0847507355191155,41.81999969482422,-0.0085348650485284,2.0,1.0,0.0
2022-07-04 10:00:00,0.9964658717835978,0.7106681897278773,78.07486194663909,0.7342270094229739,56.44597682205029,1.085821755678173,0.0038545079555518,42.209999084472656,0.0033277725377702,1.0,0.995,0.5
2022-07-04 11:00:00,0.995821463423906,0.6184650304786493,83.95725088686662,0.6623719943759535,56.8965744036579,1.1184568544476805,-0.0481751212095673,42.31999969482422,0.0026060320477956,124.0,0.99,6.0
2022-07-04 12:00:00,0.9952886931965804,0.7728291013266488,89.30476592637018,0.7872869356745614,56.59718083006832,1.1042935309178223,-0.0973514569473792,42.41999816894531,0.002362912921602,1.0,1.0,6.0
2022-07-04 13:00:00,0.9947295332538588,0.6913670319909911,72.02813805466486,0.9449177187531363,67.3554155428784,1.1134997507690862,-0.080315311204508,42.220001220703125,-0.0047146854520281,3.0,0.71,0.0
2022-07-04 14:00:00,0.9952998394700852,0.8141638286111657,58.71553211519685,0.9688449759602206,64.10255992253231,0.9099984062999418,-0.0566137857714323,42.16999816894531,-0.001184345104502,1.0,1.0,0.0
2022-07-05 08:00:00,0.996065092975246,0.8458237455463183,26.57349559575955,0.8629873961332408,53.91569518268035,0.7814430731654433,-0.1085252619227503,42.11000061035156,-0.0206976602243822,1.0,1.0,3.0
2022-07-05 12:00:00,1.0025172110245422,1.4152100774587275,2.8572051378466603,0.3295774924651499,46.666673448336894,0.2576877055186377,0.0720616860771841,41.79999923706055,-0.0115867029524439,0.5,0.46499999999999997,0.0
2022-07-05 13:00:00,1.0015494983539792,1.447227591562492,44.285862202385815,0.6520051010129061,52.380956705997335,1.1574792711977953,0.0081645719758114,42.380001068115234,0.0138756421445205,4.0,0.83,0.0
2022-07-05 14:00:00,0.9988668951018532,1.7874654768017983,77.3256329731552,0.8739831315132913,63.95602792521863,1.1746645995040073,-0.1773654110141223,43.09000015258789,0.016753163439791,6.0,0.72,5.0
2022-07-05 15:00:00,0.9974570122305702,1.865190550494348,59.88382924362591,1.0087234332066817,57.82608984097709,1.0849056943279842,-0.2157011679117104,42.790000915527344,-0.0069621544673521,1.0,1.0,1.0
2022-07-06 10:00:00,0.983016529278219,0.7143859951193507,66.29631147135657,1.3086401098096614,61.29028497484831,0.9911463986641904,-0.5003201837918283,43.54999923706055,-0.0009176626608699,3.0,1.0,5.0
2022-07-06 11:00:00,0.982384464441305,0.6779490148324118,57.77781231412187,1.1188708097494515,59.47281827231502,1.055976605671634,-0.4236545036415364,43.31999969482422,-0.0052812754596009,1.0,0.67,1.0
2022-07-06 14:00:00,0.9928897516300584,1.0029993868043627,42.59263707121755,0.7121633807529921,56.96863243143017,0.5181450367816879,-0.1295354284655161,42.90999984741211,0.0044475332696598,6.0,0.73,4.0
2022-07-07 07:00:00,1.0022860834887863,1.0379492269118262,28.888976799582927,0.6304067742299456,52.436983733353166,0.5309396656060338,0.0820742667923397,42.540000915527344,-0.0002349781836069,0.0,0.45,0.0
2022-07-07 11:00:00,1.0110818456459447,0.5823108027064715,33.739924388330124,1.099343888208414,47.29168372022052,1.492615524318051,0.1143026463325966,42.83000183105469,0.0113342000998397,2.0,0.62,0.5
2022-07-08 09:00:00,1.0136754587260677,1.260938631532226,27.653586936252967,1.1278608326297743,30.962965223524307,1.0191382313552104,0.6494787796113002,41.04999923706055,-0.0048485033439867,2.0,0.76,0.0
2022-07-08 14:00:00,1.018392256757797,1.52862872291871,33.855751764746685,0.7766896801675737,40.73072843135484,1.279443815167996,0.5349665677827176,41.13999938964844,0.0066063240719351,3.0,0.81,6.0
2022-07-11 08:00:00,1.004709091078306,1.1624201652963648,54.858957785991805,1.0886803875239013,43.88488945382593,1.767373984164053,0.1128782968303383,41.810001373291016,0.0060153992237512,1.0,0.67,0.0
2022-07-11 09:00:00,0.9987197841978968,0.9201041930591178,53.60501005095433,1.3238405734084495,43.83234151186302,1.681047124539614,0.0586065652808898,41.77000045776367,-0.0009567307872153,3.0,0.8,4.0
2022-07-11 14:00:00,0.9964563025394824,0.7535368422152888,65.95747558999304,0.8860815322733341,53.48315492870815,0.5342198352502754,0.078555507304749,41.560001373291016,0.0033800871688756,1.5,0.71,5.0
2022-07-11 15:00:00,0.99847457434429,0.8541935532420036,57.44664157804033,0.7658987194867447,54.4622249845492,0.4509850649063397,0.092542406073214,41.43999862670898,-0.0028874577145503,1.0,0.6,0.0
2022-07-12 10:00:00,1.0113386427247135,0.5323694355020607,25.47756617407658,0.5289371391644836,50.0,0.3783765207230737,0.3162004207915601,40.869998931884766,0.0009796007601365,1.0,1.0,4.0
2022-07-12 12:00:00,1.0102072401509696,0.8167196329487743,24.203651419213443,0.8790254491387587,28.880892278496876,2.2533663397520742,0.2523127746759996,40.84999847412109,-0.0053567378217158,0.0,0.1,7.0
2022-07-12 14:00:00,1.0064315563170625,0.9671116870037276,35.03180534835239,1.1886870968091696,32.28706225281567,2.0156442234596628,0.1822681937885732,41.02000045776367,0.0026888440665324,0.0,0.45,6.0
2022-07-13 07:00:00,1.0061592257352994,0.858817361715597,0.0,1.033855372154329,25.17492870804845,0.6138922500101291,0.2782770723347241,40.310001373291016,-0.0153883066573178,0.0,0.5,2.0
2022-07-13 11:00:00,1.011866865752184,1.274471236569255,16.860321987548986,0.5299105926521611,23.92858359275482,0.3687447849665102,0.3869841353539271,40.09999847412109,-0.0029836584520106,0.0,0.5,0.0
2022-07-14 07:00:00,1.0054810294646732,1.2345232536975632,65.36320587846679,1.398994098041486,46.176501277360586,1.405744249845832,0.0808984805234018,40.61000061035156,-0.0017207397811969,8.0,0.91,8.0
2022-07-14 15:00:00,1.0152077802206636,1.136417811984607,48.27582237977947,0.7185563708334619,46.38297768727117,1.1037703153625693,0.3293585056820944,39.95000076293945,0.0173160248853867,0.0,0.5,10.0
2022-07-15 07:00:00,1.0137815248185105,1.354480300948978,27.58618421701684,0.9171210992912092,42.66144901743564,1.1886835583565316,0.3077399128859355,39.470001220703125,-0.0120150070855971,1.0,1.0,1.0
2022-07-15 10:00:00,1.0016082130801685,1.6133244131420883,46.98260695130012,1.4927635065389036,48.64861613962496,1.4427194454474466,0.0743115620109051,39.91999816894531,0.0010029363028793,1.0,1.0,0.0
2022-07-15 13:00:00,0.9957721442108196,1.22889883306962,51.741192501931074,1.465742764895528,42.1276429963387,1.3024052310936514,-0.0054550556966361,39.869998931884766,-0.0064789964941478,2.0,1.0,1.0
2022-07-15 14:00:00,0.9967990745098096,1.321834952040446,28.402362857007425,1.2025582145502534,39.2079176508713,0.8122629779009576,0.1117456729698531,39.310001373291016,-0.014045587499274,5.0,0.72,0.0
2022-07-15 15:00:00,0.9983858779580116,1.258418684247151,28.2050843147228,0.8761592515716111,39.91935297800242,0.7339668616113855,0.1837902190530869,39.27000045776367,-0.0010175760399367,1.0,0.67,0.0
2022-07-18 09:00:00,0.9914950680596618,0.9112676031492062,87.85054225758839,0.9088822597652,69.06614121803149,1.0475505960641582,-0.3573240264111064,40.84000015258789,0.0004899671218323,0.0,0.25,2.0
2022-07-18 10:00:00,0.9867903690607414,0.5542720813496915,89.7197444508617,1.116526248530796,68.13628020509151,1.4320667937474043,-0.4024586799170819,40.880001068115234,0.0009794543432393,47.0,0.92,6.0
2022-07-18 11:00:00,0.981734491166158,0.3981688483462949,87.92270353347904,1.297117130427717,66.39000898273494,1.4786950418537474,-0.405767575716915,40.84999847412109,-0.0007339186206025,0.0,0.5,0.0
2022-07-18 13:00:00,0.9857735542121828,0.571379498387644,81.18284531786122,1.1039099777456032,67.02125069242803,0.4711828569138976,-0.3347820880308632,40.75,-0.00024529739806,11.0,0.93,4.0
2022-07-19 08:00:00,0.9967286388946848,0.8413358350034824,67.74196194730376,0.7251722337189186,62.38806446029534,0.1068607636231669,-0.1081756557873561,40.5,0.0004940824602235,10.5,0.8300000000000001,43.0
2022-07-19 12:00:00,1.002959739890036,1.3942650711221494,68.38721903510262,1.044498155839882,71.75326324029017,0.7814953233490164,-0.0540594169390189,40.61000061035156,0.009194804086769,3.0,0.67,5.0
2022-07-20 08:00:00,0.9918687277077044,1.3153704147348544,85.77404855999133,1.1762603038580637,65.76091519840114,1.235536818275911,-0.4886926174904573,42.0099983215332,0.0035833184184079,6.0,1.0,0.0
2022-07-21 10:00:00,1.0028927781563624,0.9843063508975984,53.38641482593749,0.736301311751871,61.09890312579385,0.8656874159034704,-0.0186938089840111,41.31999969482422,0.0102689035030858,3.0,1.0,1.0
2022-07-22 08:00:00,0.9984191700233412,1.2524686024910356,79.20350546716493,1.5584625719394942,49.89295163505044,1.0932491009819854,-0.0478826541216861,41.61000061035156,0.0231129206719269,1.0,1.0,0.0
2022-07-22 09:00:00,0.9973114597733638,1.2081566270771722,83.62821252907437,1.4721474783908794,56.25001103789796,1.0466566887636544,-0.1232014012607365,41.709999084472656,0.0024032317388675,130.0,0.96,23.0
2022-07-22 12:00:00,1.0016692577106323,1.4881630374092685,57.52203576359703,1.0243016727291632,47.22222590151992,1.2214418529352802,0.1324026416444113,41.119998931884766,0.0160612229200804,19.0,1.0,3.0
2022-07-22 15:00:00,1.0044526746587972,1.008720682748019,58.40701093432988,0.8145009566438334,52.17389501559743,1.2290085695190738,0.040441846334005,41.13999938964844,0.0007297197482727,2.3333333333333335,1.0,0.6666666666666666
2022-07-25 07:00:00,0.9995312207348254,0.9207410227213652,76.99115193621023,0.9721206626569442,52.17392806670191,1.688812597535941,-0.0565007644357393,41.560001373291016,0.0102090906629488,8.0,1.0,4.0
2022-07-26 10:00:00,1.010590317359647,0.9175664745079408,13.88869020655016,0.5311126391124966,35.714308611581274,0.5915525185562055,0.2586736323964871,40.59999847412109,-0.0041697812542017,2.0,0.76,0.0
2022-07-27 13:00:00,1.004167921984721,0.8033300685602351,49.019646953226285,1.493872320295859,38.723459515615865,1.4018906757498453,0.19204424898642,40.220001220703125,0.0037434870731551,33.0,0.82,4.0
2022-07-28 11:00:00,0.9980452504510576,0.611390585195378,41.24290132436772,0.5354842460571169,55.44558381961362,0.5110155562374792,0.0578283280105651,40.20000076293945,-0.0022338086508507,6.5,0.78,4.0
2022-07-28 15:00:00,0.9927033617936633,1.0528081651065748,71.22297814650051,1.1491003717557815,64.01680385237253,1.1981092150775512,-0.1811293472729147,40.84000015258789,0.0034397883789702,3.0,0.67,0.0
2022-07-29 10:00:00,0.983190972336122,0.7599931860432391,95.97703291379013,1.5021053929022292,73.13919093755247,1.2387100979659702,-0.4696490726223175,41.650001525878906,0.0031310468854035,20.0,0.92,2.0
2022-07-29 15:00:00,0.9869115567711276,1.7444951880952295,52.39725132600005,0.538373135933547,74.41080857524145,0.5993007753016912,-0.3396997025483657,41.56999969482422,-0.0050263066205907,38.0,0.97,2.0
2022-08-01 08:00:00,0.9963752513618396,0.7928447354472827,50.522693469687766,0.3994938536426474,68.71509629984816,0.4775164446002209,-0.1618377050539052,41.540000915527344,0.0102140562877521,1.0,1.0,0.0
2022-08-01 11:00:00,1.000160181482638,0.4476544275427024,58.82350112677953,1.0517775073540814,69.27709182161004,0.9316067051552462,-0.2393887684131854,41.97999954223633,0.006473278918488,1.0,0.57,0.0
2022-08-01 13:00:00,0.9974329589361014,0.3807939249159079,43.91545497848429,1.4045326214038556,54.73684633207114,1.242308153908675,-0.2099442300208522,41.900001525878906,0.0045553211598363,1.0,0.67,0.0
2022-08-02 10:00:00,1.0086466471097804,0.8473611710636569,0.6580350801462634,0.489775982512079,34.0599624974534,0.1206529553834107,0.2958959257064322,40.650001525878906,-0.0075682999395199,2.0,0.76,0.0
2022-08-03 09:00:00,1.0098600071524635,1.2434555126685392,35.858547910104136,1.1046540065133708,37.423296372052974,1.3917369139831552,0.1992523520108307,40.88999938964844,0.007142879961244,1.0,1.0,2.0
2022-08-03 10:00:00,1.005538086422907,1.0856625762201568,45.45463302796482,1.4802900815872455,37.423296372052974,2.363809868381388,0.0892704077964836,41.08000183105469,0.0046466726398228,1.5,0.655,1.0
2022-08-03 11:00:00,1.0000815643946357,1.0064530129632925,61.11107900085735,1.8323456164716725,41.37925742579684,2.2171279073230656,-0.0431881513604395,41.38999938964844,0.0075461914502497,5.0,1.0,2.0
2022-08-03 14:00:00,0.9858695657899804,1.6775970035133223,87.30169622889805,1.7363374094418886,63.52945004370075,1.2737564384949127,-0.2990174307470923,41.83000183105469,0.0079518513507153,1.0,0.99,1.0
2022-08-03 15:00:00,0.983494062756299,1.6571099877589883,91.0053849817944,1.5625629581744114,63.74273310935918,1.2438385930472302,-0.3438570709577959,41.900001525878906,0.0016734327458778,0.0,0.33,2.0
2022-08-04 10:00:00,0.9630396702408516,2.121015794692124,74.6741345714645,1.0894692936415773,86.71327631996641,1.0643981984453563,-1.6778449010275622,48.20000076293945,0.1424508729996911,14.0,0.61,0.0
2022-08-04 15:00:00,0.9299406007325036,1.4405418825029142,58.00997287199658,0.8069979101746912,74.02811262846987,0.3421531888227503,-1.849662938559753,46.70000076293945,0.0019309193608527,22.0,0.96,14.0
2022-08-05 10:00:00,0.9733879901946932,0.3291187820903418,60.00000803094161,0.6526694652161721,73.14661222607009,0.9456746624492218,-1.2025293691958223,47.119998931884766,0.0034071518426628,2.0,1.0,0.0
2022-08-05 12:00:00,0.9870022869034384,0.2960689442359239,55.02762389020752,0.7763696305253401,70.60781044038941,0.6638773416390966,-0.9191084786489084,46.84999847412109,-0.0021299741681217,2.0,1.0,3.0
2022-08-05 14:00:00,1.0002421680678668,0.364951767876938,55.34094509999926,0.819761983265171,69.58299100879532,0.7288816508009065,-0.6342416435077283,46.9900016784668,0.0195270454089675,6.0,0.8,19.0
2022-08-09 08:00:00,1.0002597519471843,0.6196956652683007,52.97288269098722,1.645420428235573,42.06346723449776,2.377359893860257,-0.10388488300201,46.34999847412109,0.0006476420443548,2.0,1.0,0.0
2022-08-09 13:00:00,1.0063652191783017,0.5341239566416134,14.39412767679103,0.3225385854976004,30.612283029091387,0.1960042419377714,0.2403634423272649,45.470001220703125,0.0004400540688214,2.0,0.76,4.0
2022-08-09 15:00:00,1.0105377869652248,1.3110913607744037,24.88260388347428,0.5581820537659214,32.97102901521319,0.7174765589162982,0.3917689589336248,45.0,0.0035682392254157,3.0,1.0,2.0
2022-08-10 07:00:00,1.012030379743296,1.3884122226231947,28.063218460128105,0.7161916928213344,33.455861728505866,0.6145647802142937,0.4359080364791907,44.77999877929688,-0.004888916015625,2.5,0.635,4.0
2022-08-10 09:00:00,1.0138691204038282,1.544747430209166,41.5019661532152,1.079812910389582,40.5315732510069,0.9137808200635978,0.3360357865516903,45.119998931884766,0.003112480904251,0.5,0.615,3.0
2022-08-10 10:00:00,1.012250112731524,0.999330993061872,32.01588000434242,1.2653723799888483,34.30424986883121,1.5182778577893028,0.3336561259909345,44.880001068115234,-0.0053191017165545,1.0,1.0,0.0
2022-08-10 14:00:00,1.003614181608511,0.9315655409338895,40.6925570511582,1.5391228355181994,27.960502787617784,1.5031518447532928,0.1826370455537116,45.0099983215332,-0.0008879226682525,4.0,0.7,2.0
2022-08-11 11:00:00,0.9913034459403882,0.5841288817442677,88.70973034611188,1.1022696807340266,65.71430906958145,1.0718336625013296,-0.1642441996741013,45.720001220703125,0.0015333996163073,1.0,1.0,0.0
2022-08-11 14:00:00,0.9896922040542468,1.079608776669252,69.83236651763072,1.0791129360213585,66.8874649002808,0.940186373828104,-0.2936234474768824,46.0,-0.0056203703192133,0.0,0.5,0.0
2022-08-11 15:00:00,0.9893188365991564,1.133511730841554,72.62561855604193,1.0342901974369487,65.87035204666181,1.0890960381986978,-0.2819706586211623,46.04999923706055,0.0010869399360988,8.0,0.9,3.0
