date,score,upvote_ratio,num_comments
2022-08-12 06:42:30,1,0.57,8
2022-08-12 05:34:11,1,0.67,0
2022-08-12 04:45:33,0,0.5,0
2022-08-11 20:22:48,3,0.67,1
2022-08-11 15:57:24,8,0.9,3
2022-08-11 14:41:35,0,0.5,0
2022-08-11 11:13:30,1,1.0,0
2022-08-11 06:10:46,1,0.66,0
2022-08-11 04:00:58,1,0.67,0
2022-08-11 00:09:16,1,0.67,1
2022-08-10 22:35:31,31,0.94,7
2022-08-10 17:41:00,2,1.0,4
2022-08-10 16:45:24,0,0.33,2
2022-08-10 14:51:37,4,0.7,2
2022-08-10 10:59:10,1,1.0,0
2022-08-10 09:53:51,1,1.0,2
2022-08-10 09:06:13,0,0.23,4
2022-08-10 07:51:17,1,0.67,0
2022-08-10 07:01:19,4,0.6,8
2022-08-10 05:15:02,12,0.84,7
2022-08-10 00:16:56,3,0.81,0
2022-08-09 22:10:17,1,0.67,0
2022-08-09 19:57:54,39,0.88,3
2022-08-09 16:28:12,1,1.0,0
2022-08-09 16:10:50,0,0.43,0
2022-08-09 15:09:12,3,1.0,2
2022-08-09 13:48:47,2,0.76,4
2022-08-09 08:44:46,2,1.0,0
2022-08-09 05:50:31,1,1.0,0
2022-08-09 05:13:40,1,1.0,2
2022-08-09 04:09:00,1,0.67,0
2022-08-09 03:18:15,1,0.67,0
2022-08-09 03:03:05,0,0.38,3
2022-08-08 21:26:52,4,1.0,1
2022-08-08 21:07:59,5,0.78,7
2022-08-08 21:00:57,49,0.9,4
2022-08-08 20:06:08,2,1.0,0
2022-08-08 19:11:08,1,1.0,0
2022-08-08 06:28:30,1,1.0,2
2022-08-07 20:39:19,5,0.73,2
2022-08-07 19:58:42,2,0.75,0
2022-08-07 19:39:20,1,1.0,1
2022-08-07 13:25:54,91,0.99,49
2022-08-07 05:48:15,0,0.5,1
2022-08-07 02:39:15,0,0.5,0
2022-08-07 02:29:27,2,1.0,1
2022-08-07 02:13:18,33,0.96,9
2022-08-06 23:08:15,1,1.0,0
2022-08-06 22:43:05,2,1.0,4
2022-08-06 22:26:59,3,0.72,5
2022-08-06 21:14:39,19,0.81,46
2022-08-06 18:07:42,6,0.72,8
2022-08-06 15:49:24,1,0.67,0
2022-08-06 15:48:24,1,0.67,0
2022-08-06 15:47:29,2,0.76,0
2022-08-06 14:09:52,3,1.0,1
2022-08-06 09:15:02,4,1.0,3
2022-08-06 06:27:58,0,0.46,4
2022-08-06 04:58:42,1,0.67,0
2022-08-05 22:42:51,6,1.0,0
2022-08-05 22:38:15,1,1.0,0
2022-08-05 22:28:56,1,0.67,3
2022-08-05 20:13:38,1,0.67,5
2022-08-05 19:06:49,1,0.6,2
2022-08-05 18:53:41,83,0.99,4
2022-08-05 18:33:26,3,0.81,1
2022-08-05 14:01:29,6,0.8,19
2022-08-05 12:22:03,2,1.0,3
2022-08-05 10:42:10,2,1.0,0
2022-08-05 05:28:43,12,0.77,13
2022-08-05 04:14:55,1,1.0,0
2022-08-05 01:19:17,1,1.0,2
2022-08-04 22:53:53,0,0.4,0
2022-08-04 20:55:39,1,0.67,2
2022-08-04 19:42:20,2,0.76,1
2022-08-04 19:06:34,1,1.0,0
2022-08-04 18:58:04,1,0.67,0
2022-08-04 18:57:58,1,0.67,2
2022-08-04 16:33:12,1,1.0,1
2022-08-04 16:26:07,1,0.99,5
2022-08-04 16:18:37,91,1.0,12
2022-08-04 15:00:06,22,0.96,14
2022-08-04 10:53:08,28,0.97,0
2022-08-04 10:40:47,0,0.25,0
2022-08-04 06:46:09,3,0.8,5
2022-08-04 06:14:31,0,0.5,1
2022-08-04 06:08:40,1,1.0,1
2022-08-04 05:35:18,8,0.9,3
2022-08-04 05:09:33,3,1.0,2
2022-08-04 01:31:21,2,1.0,1
2022-08-04 01:12:54,1,1.0,0
2022-08-04 00:09:15,8,1.0,4
2022-08-03 23:24:51,78,0.96,25
2022-08-03 22:57:34,2,1.0,0
2022-08-03 20:57:32,0,0.5,0
2022-08-03 20:52:30,0,0.5,0
2022-08-03 20:51:01,0,0.5,0
2022-08-03 19:03:17,1,0.67,0
2022-08-03 16:52:10,1,0.67,0
2022-08-03 16:28:06,12,0.94,2
2022-08-03 15:29:04,0,0.33,2
2022-08-03 14:59:10,1,0.99,1
2022-08-03 11:06:33,5,1.0,2
2022-08-03 10:07:21,0,0.5,0
2022-08-03 10:06:35,3,0.81,2
2022-08-03 09:00:07,1,1.0,2
2022-08-02 22:44:52,6,0.81,3
2022-08-02 19:07:35,4,1.0,0
2022-08-02 18:48:09,6,0.87,2
2022-08-02 17:26:22,3,0.8,1
2022-08-02 17:24:39,0,0.4,2
2022-08-02 10:44:35,2,0.76,0
2022-08-02 02:40:06,2,1.0,1
2022-08-02 02:15:16,7,0.82,6
2022-08-02 01:18:20,0,0.28,64
2022-08-01 17:05:07,9,0.72,12
2022-08-01 13:19:58,1,0.67,0
2022-08-01 11:37:47,1,0.57,0
2022-08-01 08:48:13,1,1.0,0
2022-08-01 03:06:56,1,0.67,0
2022-08-01 00:27:29,3,0.67,2
2022-07-31 23:52:44,1,0.67,1
2022-07-31 20:31:15,18,0.76,5
2022-07-31 16:23:47,10,1.0,9
2022-07-31 15:11:46,1,0.56,2
2022-07-31 13:39:29,1,0.67,1
2022-07-31 08:47:14,12,0.88,17
2022-07-31 01:13:11,3,0.72,1
2022-07-30 22:20:50,45,0.92,4
2022-07-30 20:04:10,1,0.6,3
2022-07-30 18:03:07,2,0.76,0
2022-07-30 16:54:52,2,0.76,1
2022-07-30 16:03:16,0,0.5,0
2022-07-30 14:07:43,21,0.94,6
2022-07-30 13:55:14,2,0.76,0
2022-07-30 07:05:01,2,0.75,0
2022-07-30 06:38:08,6,0.75,13
2022-07-30 05:54:29,3,1.0,0
2022-07-30 05:39:04,12,1.0,0
2022-07-30 03:32:00,1,0.67,3
2022-07-30 01:41:16,1,0.6,3
2022-07-30 00:19:52,2,1.0,2
2022-07-29 22:47:14,4,1.0,1
2022-07-29 21:00:53,2,0.76,0
2022-07-29 20:38:12,2,0.76,0
2022-07-29 19:13:03,1,1.0,0
2022-07-29 17:20:14,1,1.0,0
2022-07-29 16:34:08,1,0.67,1
2022-07-29 15:50:46,38,0.97,2
2022-07-29 10:26:10,20,0.92,2
2022-07-29 06:23:11,1,0.6,0
2022-07-29 02:44:38,8,0.9,10
2022-07-29 00:37:05,7,1.0,0
2022-07-28 22:46:02,0,0.44,7
2022-07-28 22:43:12,10,1.0,2
2022-07-28 20:26:42,17,1.0,10
2022-07-28 19:27:53,2,0.67,0
2022-07-28 15:46:50,3,0.67,0
2022-07-28 11:44:30,2,0.63,1
2022-07-28 11:21:26,11,0.93,7
2022-07-28 05:09:10,1,0.67,0
2022-07-28 03:36:25,3,0.72,1
2022-07-28 01:51:21,1,1.0,1
2022-07-28 01:27:19,1,1.0,3
2022-07-28 00:46:42,2,0.67,3
2022-07-27 23:04:41,194,0.96,5
2022-07-27 22:46:17,1,1.0,3
2022-07-27 20:56:23,1,1.0,0
2022-07-27 16:06:17,1,0.99,0
2022-07-27 13:17:37,33,0.82,4
2022-07-27 02:17:37,2,0.76,1
2022-07-27 02:06:07,69,0.98,6
2022-07-26 22:51:58,1,1.0,1
2022-07-26 21:16:35,3,0.81,3
2022-07-26 18:47:25,13,0.94,1
2022-07-26 16:50:34,3,1.0,0
2022-07-26 10:49:33,2,0.76,0
2022-07-25 23:12:07,3,0.72,1
2022-07-25 21:01:31,1,0.67,0
2022-07-25 19:44:30,50,0.88,31
2022-07-25 18:59:25,2,0.76,3
2022-07-25 18:24:39,4,0.75,1
2022-07-25 07:08:36,8,1.0,4
2022-07-25 05:40:47,6,0.88,10
2022-07-25 00:05:11,1,0.6,0
2022-07-24 21:27:12,1,0.6,0
2022-07-24 20:38:11,1,0.67,0
2022-07-24 19:06:36,3,0.72,1
2022-07-24 15:48:42,0,0.5,4
2022-07-24 12:26:47,2,0.67,3
2022-07-24 11:48:03,22,0.86,11
2022-07-24 04:42:36,4,1.0,1
2022-07-24 02:53:33,2,0.76,0
2022-07-23 22:45:27,0,0.5,3
2022-07-23 22:41:59,6,1.0,1
2022-07-23 21:58:47,0,0.5,5
2022-07-23 21:04:09,0,0.5,0
2022-07-23 20:36:48,0,0.5,5
2022-07-23 19:53:22,32,0.9,7
2022-07-23 19:18:53,1,0.6,0
2022-07-23 18:13:15,2,0.67,2
2022-07-23 15:41:21,2,0.63,1
2022-07-23 10:04:59,196,0.95,60
2022-07-23 09:39:42,0,0.43,3
2022-07-23 07:10:32,4,0.83,1
2022-07-22 23:49:43,6,0.88,0
2022-07-22 20:22:16,13,0.81,22
2022-07-22 20:14:45,1,1.0,0
2022-07-22 19:33:47,1,1.0,0
2022-07-22 15:56:03,3,1.0,2
2022-07-22 15:04:17,2,1.0,0
2022-07-22 15:00:36,2,1.0,0
2022-07-22 12:10:54,19,1.0,3
2022-07-22 09:26:16,130,0.96,23
2022-07-22 08:07:11,1,1.0,0
2022-07-22 06:03:08,0,0.5,1
2022-07-22 04:42:42,2,0.75,1
2022-07-21 17:26:12,15,1.0,1
2022-07-21 16:58:22,1,0.67,0
2022-07-21 10:02:25,3,1.0,1
2022-07-20 20:20:08,5,0.86,1
2022-07-20 17:34:24,2,1.0,2
2022-07-20 17:30:39,87,0.92,3
2022-07-20 17:18:50,1,1.0,0
2022-07-20 08:48:08,6,1.0,0
2022-07-20 02:26:35,3,1.0,1
2022-07-20 01:55:49,4,1.0,1
2022-07-19 19:21:25,29,0.92,5
2022-07-19 18:21:04,4,1.0,2
2022-07-19 12:46:47,3,0.67,5
2022-07-19 08:55:46,1,1.0,2
2022-07-19 08:36:40,20,0.66,84
2022-07-19 06:30:09,0,0.5,5
2022-07-19 02:01:30,1,1.0,0
2022-07-18 20:01:41,0,0.5,6
2022-07-18 20:01:11,2,0.6,0
2022-07-18 19:59:55,10,0.78,4
2022-07-18 18:50:22,1,0.6,0
2022-07-18 13:00:42,11,0.93,4
2022-07-18 11:51:26,0,0.5,0
2022-07-18 10:48:32,47,0.92,6
2022-07-18 09:37:37,0,0.25,2
2022-07-18 06:15:08,1,0.67,1
2022-07-18 03:20:37,1,0.67,1
2022-07-18 01:19:23,5,0.86,2
2022-07-18 01:01:36,0,0.5,0
2022-07-17 23:02:46,2,1.0,1
2022-07-17 22:44:41,3,1.0,0
2022-07-17 19:08:44,1,0.67,2
2022-07-17 06:37:46,1,1.0,1
2022-07-17 04:12:30,3,1.0,1
2022-07-16 16:05:12,7,0.9,0
2022-07-16 16:02:49,0,0.5,0
2022-07-16 15:17:59,28,0.97,0
2022-07-16 15:16:37,98,0.99,6
2022-07-16 14:00:07,1,0.67,0
2022-07-16 12:09:53,3,0.67,4
2022-07-16 11:54:22,1,0.54,1
2022-07-16 11:27:39,0,0.5,0
2022-07-16 10:16:19,2,1.0,2
2022-07-16 09:33:46,12,0.84,21
2022-07-16 01:01:54,9,0.66,25
2022-07-16 00:11:49,3,0.81,12
2022-07-15 22:31:11,1,0.54,4
2022-07-15 20:40:01,2,1.0,0
2022-07-15 19:08:07,2,1.0,0
2022-07-15 18:14:46,1,0.6,4
2022-07-15 18:13:20,1,0.67,0
2022-07-15 17:52:57,1,0.67,0
2022-07-15 16:44:25,36,0.97,2
2022-07-15 15:42:11,1,0.67,0
2022-07-15 14:07:50,5,0.72,0
2022-07-15 13:39:57,2,1.0,1
2022-07-15 10:07:04,1,1.0,0
2022-07-15 07:20:56,1,1.0,1
2022-07-15 03:23:00,0,0.5,5
2022-07-15 01:50:24,1,0.99,5
2022-07-15 01:24:37,3,0.72,3
2022-07-14 20:48:30,1,1.0,0
2022-07-14 19:32:23,48,1.0,13
2022-07-14 18:05:24,1,1.0,0
2022-07-14 15:37:05,0,0.5,10
2022-07-14 07:21:47,8,0.91,8
2022-07-14 05:13:11,6,0.88,9
2022-07-14 02:27:14,2,1.0,3
2022-07-14 00:54:08,31,0.9,29
2022-07-14 00:00:29,3,0.81,2
2022-07-13 22:50:05,1,0.67,8
2022-07-13 22:20:49,0,0.4,0
2022-07-13 22:18:59,0,0.25,1
2022-07-13 21:20:11,0,0.33,2
2022-07-13 20:59:43,0,0.5,1
2022-07-13 20:06:27,1,0.67,0
2022-07-13 19:53:33,0,0.11,1
2022-07-13 18:11:38,6,1.0,3
2022-07-13 16:53:15,0,0.2,1
2022-07-13 11:03:28,0,0.5,0
2022-07-13 07:54:22,0,0.5,2
2022-07-13 06:29:59,59,0.92,8
2022-07-13 05:14:03,1,1.0,0
2022-07-13 00:44:51,40,0.93,12
2022-07-12 23:56:59,1,1.0,1
2022-07-12 22:15:46,5,0.78,3
2022-07-12 19:35:48,0,0.43,0
2022-07-12 19:23:03,1,1.0,1
2022-07-12 19:01:50,8,0.84,10
2022-07-12 18:46:56,0,0.4,1
2022-07-12 18:38:18,0,0.5,2
2022-07-12 16:10:05,30,0.95,10
2022-07-12 14:44:48,0,0.5,0
2022-07-12 14:08:31,0,0.4,12
2022-07-12 12:42:55,0,0.1,7
2022-07-12 10:45:14,1,1.0,4
2022-07-12 05:46:19,102,0.97,34
2022-07-12 02:57:09,1,1.0,0
2022-07-12 01:37:45,1,0.57,0
2022-07-12 00:25:28,5,0.7,6
2022-07-11 22:19:46,8,0.79,0
2022-07-11 21:53:25,82,0.87,41
2022-07-11 21:18:25,3,0.67,12
2022-07-11 20:37:55,1,1.0,0
2022-07-11 20:12:57,0,0.5,6
2022-07-11 18:54:23,4,0.83,3
2022-07-11 18:30:12,3,1.0,0
2022-07-11 17:20:13,1,1.0,0
2022-07-11 16:33:25,45,0.92,46
2022-07-11 15:47:31,1,0.6,0
2022-07-11 14:24:30,2,0.75,10
2022-07-11 14:12:06,1,0.67,0
2022-07-11 09:20:31,3,0.8,4
2022-07-11 08:09:34,1,0.67,0
2022-07-11 03:12:23,26,0.95,4
2022-07-11 01:26:41,1,0.6,1
2022-07-10 21:30:49,0,0.5,1
2022-07-10 21:24:10,220,0.97,73
2022-07-10 18:51:44,0,0.5,0
2022-07-10 18:10:39,20,0.88,18
2022-07-10 16:22:18,0,0.5,0
2022-07-10 12:07:47,1,0.6,1
2022-07-10 11:59:40,1,0.67,0
2022-07-10 11:37:22,111,0.93,32
2022-07-10 10:56:32,6,0.71,12
2022-07-10 09:53:56,1,0.6,10
2022-07-10 05:23:40,16,0.91,8
2022-07-10 02:27:58,2,0.76,0
2022-07-10 01:52:41,0,0.5,0
2022-07-10 01:13:11,2,0.75,0
2022-07-10 00:41:06,2,1.0,1
2022-07-10 00:14:09,3,1.0,0
2022-07-09 22:49:18,1,1.0,1
2022-07-09 20:18:49,9,0.92,6
2022-07-09 19:53:45,2,0.55,1
2022-07-09 16:54:11,6,1.0,0
2022-07-09 16:11:38,1,1.0,0
2022-07-09 15:13:45,0,0.44,0
2022-07-09 14:42:01,2,0.67,4
2022-07-09 13:11:31,1,1.0,4
2022-07-09 08:17:58,48,0.87,10
2022-07-09 06:51:47,1,1.0,0
2022-07-09 03:42:55,1,1.0,1
2022-07-09 02:13:07,3,0.81,0
2022-07-09 02:07:24,2,0.76,0
2022-07-09 00:20:50,1,1.0,3
2022-07-08 20:39:04,2,1.0,0
2022-07-08 19:31:37,3,1.0,0
2022-07-08 19:27:48,2,1.0,0
2022-07-08 18:18:12,2,0.76,0
2022-07-08 17:02:37,12,0.74,2
2022-07-08 14:51:16,3,0.81,6
2022-07-08 09:36:05,2,0.76,0
2022-07-08 06:10:28,1,0.99,3
2022-07-08 05:31:39,2,0.75,0
2022-07-08 04:37:01,41,0.93,24
2022-07-08 01:01:48,4,0.76,0
2022-07-07 22:05:30,5,1.0,2
2022-07-07 21:35:52,6,0.76,2
2022-07-07 18:58:49,2,1.0,0
2022-07-07 18:16:46,48,0.9,105
2022-07-07 17:12:16,2,1.0,8
2022-07-07 16:31:55,0,0.5,0
2022-07-07 11:39:07,1,0.66,0
2022-07-07 11:29:35,3,0.58,1
2022-07-07 07:49:19,0,0.45,0
2022-07-07 06:11:48,1,0.66,1
2022-07-07 00:39:10,10,0.87,1
2022-07-06 21:13:56,0,0.5,0
2022-07-06 18:50:04,7,0.82,0
2022-07-06 16:25:57,11,0.92,12
2022-07-06 14:42:42,1,0.56,7
2022-07-06 14:40:04,7,0.82,3
2022-07-06 14:24:45,10,0.81,2
2022-07-06 11:52:09,1,0.67,1
2022-07-06 10:57:39,3,1.0,5
2022-07-06 02:43:57,6,0.88,8
2022-07-06 02:38:00,4,0.83,2
2022-07-06 02:36:15,22,0.79,7
2022-07-06 02:34:50,2,1.0,4
2022-07-06 01:59:30,17,0.87,2
2022-07-06 01:55:10,2,1.0,1
2022-07-06 00:13:39,1,1.0,1
2022-07-06 00:00:55,45,1.0,45
2022-07-05 21:08:32,1,1.0,2
2022-07-05 21:00:46,1,1.0,0
2022-07-05 20:19:57,10,0.86,4
2022-07-05 19:03:32,1,1.0,0
2022-07-05 18:49:36,1,0.57,0
2022-07-05 17:53:50,13,0.88,3
2022-07-05 16:47:36,20,0.95,4
2022-07-05 16:43:55,1,1.0,0
2022-07-05 15:35:13,1,1.0,1
2022-07-05 14:28:23,6,0.72,5
2022-07-05 13:47:49,4,0.83,0
2022-07-05 12:42:46,1,0.6,0
2022-07-05 12:01:19,0,0.33,0
2022-07-05 08:31:24,1,1.0,3
2022-07-05 05:29:33,1,1.0,0
2022-07-05 02:47:32,1,1.0,0
2022-07-04 23:54:57,3,0.72,5
2022-07-04 23:34:21,104,0.99,51
2022-07-04 21:47:55,3,1.0,1
2022-07-04 18:32:38,2,1.0,0
2022-07-04 14:31:38,1,1.0,0
2022-07-04 13:57:51,3,0.71,0
2022-07-04 12:51:12,1,1.0,6
2022-07-04 11:33:17,124,0.99,6
2022-07-04 10:49:48,1,0.99,1
2022-07-04 10:31:53,1,1.0,0
2022-07-04 08:48:02,2,1.0,0
2022-07-04 06:14:30,53,0.99,20
2022-07-04 01:28:17,3,0.81,1
2022-07-03 23:33:01,2,0.75,8
2022-07-03 23:12:02,1,1.0,2
2022-07-03 22:54:07,1,1.0,0
2022-07-03 22:52:36,3,1.0,2
2022-07-03 20:54:43,1,1.0,0
2022-07-03 19:07:50,2,0.75,6
2022-07-03 15:35:17,34,0.95,15
2022-07-03 13:55:11,1,0.6,1
2022-07-03 12:44:18,3,0.81,9
2022-07-03 11:43:16,0,0.5,1
2022-07-03 11:43:14,0,0.43,1
2022-07-03 10:31:51,0,0.4,1
2022-07-03 07:40:48,1,0.67,3
2022-07-03 02:57:07,1,0.67,0
2022-07-03 02:04:26,1,0.6,1
2022-07-03 01:37:20,56,0.98,8
2022-07-02 23:57:16,1,1.0,0
2022-07-02 22:50:39,1,1.0,2
2022-07-02 22:25:31,4,0.7,2
2022-07-02 19:55:51,183,0.94,8
2022-07-02 18:47:54,2,1.0,3
2022-07-02 17:24:37,1,0.67,0
2022-07-02 16:22:37,13,0.75,1
2022-07-02 16:00:04,3,0.64,1
2022-07-02 15:40:06,1,0.67,3
2022-07-02 13:28:11,45,0.96,12
2022-07-02 12:13:58,3,0.81,2
2022-07-02 04:59:44,2,0.75,0
2022-07-02 04:28:13,1,0.67,0
2022-07-01 22:33:15,11,0.88,2
2022-07-01 21:45:23,1,0.67,0
2022-07-01 18:09:26,29,0.87,21
2022-07-01 17:35:23,9,1.0,8
2022-07-01 11:54:25,5,0.73,1
2022-07-01 07:06:58,1,0.67,0
2022-07-01 07:02:36,1,0.99,0
2022-07-01 01:46:42,1,0.67,0
2022-07-01 00:16:16,9,0.86,7
2022-06-30 21:56:40,3,0.62,0
2022-06-30 21:48:06,2,0.63,4
2022-06-30 18:47:56,2,0.76,4
2022-06-30 15:39:01,110,0.9,22
2022-06-30 13:35:22,1,1.0,2
2022-06-30 12:42:51,0,0.5,0
2022-06-30 12:25:04,0,0.33,1
2022-06-30 08:44:45,11,1.0,11
2022-06-30 07:10:50,3,1.0,2
2022-06-30 05:08:22,1,1.0,4
2022-06-30 02:52:15,3,1.0,8
2022-06-30 00:23:39,2,1.0,5
2022-06-29 19:18:41,1,0.6,0
2022-06-29 16:18:40,1,0.67,0
2022-06-29 15:05:23,1,0.67,0
2022-06-29 14:38:25,12,0.77,4
2022-06-29 14:11:42,3,0.65,0
2022-06-29 13:37:03,2,1.0,7
2022-06-29 11:56:55,3,1.0,1
2022-06-29 06:45:42,1,1.0,8
2022-06-29 04:05:19,2,1.0,7
2022-06-29 03:17:55,0,0.5,0
2022-06-29 02:35:55,1,0.67,0
2022-06-28 21:21:57,10,0.82,13
2022-06-28 19:19:00,3,0.67,4
2022-06-28 14:37:05,8,0.83,3
2022-06-28 00:00:56,2,1.0,0
2022-06-27 20:05:06,0,0.5,0
2022-06-27 19:21:38,2,1.0,0
2022-06-27 17:21:07,30,0.97,3
2022-06-27 10:39:57,0,0.5,0
2022-06-27 09:49:14,18,0.93,0
2022-06-27 08:31:44,1,1.0,0
2022-06-27 07:16:53,0,0.33,0
2022-06-27 02:52:24,34,0.92,2
2022-06-27 00:33:23,1,0.67,0
2022-06-26 22:11:46,8,0.62,0
2022-06-26 19:44:42,0,0.38,0
2022-06-26 18:43:30,4,0.7,2
2022-06-26 09:37:38,3,0.81,0
2022-06-26 06:52:55,1,1.0,1
2022-06-26 03:14:03,1,1.0,1
2022-06-26 01:04:36,15,1.0,10
2022-06-25 19:52:42,2,1.0,0
2022-06-25 16:19:11,1,1.0,1
2022-06-25 15:47:47,1,0.67,0
2022-06-25 15:43:59,3,0.81,1
2022-06-25 15:20:29,1,0.67,0
2022-06-25 15:19:41,2,0.76,2
2022-06-25 14:33:47,3,0.81,2
2022-06-25 13:18:20,0,0.4,0
2022-06-25 05:50:01,0,0.43,0
2022-06-25 04:59:05,5,0.67,0
2022-06-25 03:10:01,52,0.98,4
2022-06-24 18:18:08,1,1.0,4
2022-06-24 17:39:47,1,1.0,4
2022-06-24 14:40:06,1,0.6,2
2022-06-24 14:10:29,6,0.81,2
2022-06-24 12:44:53,2,0.67,0
2022-06-24 10:58:23,36,0.83,7
2022-06-24 10:59:01,1,0.67,0
2022-06-24 10:25:25,7,1.0,8
2022-06-24 04:43:16,1,1.0,11
2022-06-24 02:39:50,0,0.14,2
2022-06-24 00:57:16,7,0.82,1
2022-06-23 21:41:02,1,1.0,2
2022-06-23 14:34:40,1,1.0,1
2022-06-23 12:26:21,79,0.95,42
2022-06-23 07:14:37,5,0.86,0
2022-06-23 03:33:28,1,1.0,0
2022-06-23 02:53:40,0,0.38,1
2022-06-23 02:34:34,5,0.59,4
2022-06-22 23:15:46,0,0.33,0
2022-06-22 22:47:43,3,0.81,2
2022-06-22 20:47:07,1,1.0,0
2022-06-22 19:21:24,30,0.97,0
2022-06-22 19:12:07,5,0.86,0
2022-06-22 19:04:56,7,0.89,0
2022-06-22 16:47:54,1,0.67,0
2022-06-22 08:28:40,1,0.99,0
2022-06-22 06:49:03,0,0.4,1
2022-06-22 04:32:01,48,0.87,3
2022-06-22 03:39:56,3,1.0,6
2022-06-22 02:16:33,1,1.0,0
2022-06-21 22:59:36,5,0.69,0
2022-06-21 21:22:07,3,1.0,1
2022-06-21 20:28:15,1,0.55,0
2022-06-21 19:18:29,41,0.84,8
2022-06-21 12:11:23,1,1.0,0
2022-06-21 08:52:42,1,1.0,0
2022-06-21 03:09:50,1,1.0,4
2022-06-21 02:58:44,3,1.0,5
2022-06-21 01:42:04,1,1.0,0
2022-06-21 00:43:08,2,1.0,1
2022-06-21 00:40:20,1,1.0,0
2022-06-20 23:50:02,2,1.0,3
2022-06-20 22:59:21,1,0.67,0
2022-06-20 22:38:48,81,0.92,20
2022-06-20 21:34:23,1,0.67,1
2022-06-20 19:17:49,3,1.0,6
2022-06-20 19:16:32,0,0.33,2
2022-06-20 19:06:06,7,0.73,2
2022-06-20 18:16:22,1,1.0,0
2022-06-20 16:22:41,0,0.36,0
2022-06-20 14:26:02,2,1.0,1
2022-06-20 14:11:37,1,1.0,0
2022-06-20 11:04:47,8,0.75,16
2022-06-20 10:42:20,1,1.0,1
2022-06-20 07:00:51,9,0.77,6
2022-06-20 04:53:22,2,0.67,1
2022-06-19 23:15:10,5,1.0,0
2022-06-19 21:37:11,2,1.0,4
2022-06-19 20:47:42,1,1.0,0
2022-06-19 19:41:34,0,0.5,0
2022-06-19 18:49:18,0,0.29,8
2022-06-19 17:14:28,2,1.0,0
2022-06-19 16:21:37,5,1.0,0
2022-06-19 15:27:24,2,1.0,1
2022-06-19 13:52:08,3,1.0,2
2022-06-19 13:51:28,3,1.0,0
2022-06-19 12:59:34,0,0.44,0
2022-06-19 12:41:37,0,0.33,0
2022-06-19 12:17:17,6,1.0,4
2022-06-19 11:42:56,17,0.82,2
2022-06-19 07:26:22,1,0.67,0
2022-06-19 06:26:59,7,0.9,3
2022-06-19 01:33:36,3,0.81,0
2022-06-18 23:58:06,0,0.5,1
2022-06-18 23:49:50,22,0.92,3
2022-06-18 19:45:54,2,1.0,0
2022-06-18 17:50:03,4,0.75,2
2022-06-18 17:18:19,2,1.0,0
2022-06-18 16:59:29,1,1.0,0
2022-06-18 16:33:09,1,0.6,0
2022-06-18 15:08:23,2,0.76,0
2022-06-18 02:06:11,0,0.25,1
2022-06-18 00:54:37,5,1.0,3
2022-06-18 00:41:38,72,0.97,3
2022-06-17 20:17:14,0,0.35,0
2022-06-17 17:34:43,1,0.6,2
2022-06-17 16:57:31,14,0.74,4
2022-06-17 10:15:02,14,0.95,9
2022-06-17 08:21:56,3,0.8,1
2022-06-17 04:14:35,2,0.76,2
2022-06-17 02:17:43,2,0.76,0
2022-06-16 21:38:21,4,0.67,3
2022-06-16 20:31:21,0,0.4,1
2022-06-16 15:49:32,4,0.84,1
2022-06-16 15:26:39,1,0.99,0
2022-06-16 03:47:23,2,0.75,1
2022-06-16 01:43:43,44,0.98,7
2022-06-15 23:29:31,1,1.0,0
2022-06-15 19:28:25,0,0.4,0
2022-06-15 18:19:14,1,0.67,1
2022-06-15 17:24:10,1,1.0,0
2022-06-15 16:02:30,53,1.0,0
2022-06-15 14:03:22,0,0.25,0
2022-06-15 06:44:02,1,0.67,3
2022-06-15 00:48:21,2,0.63,0
2022-06-15 00:33:41,2,1.0,3
2022-06-14 22:02:32,8,0.64,0
2022-06-14 19:22:39,4,1.0,2
2022-06-14 18:31:17,16,0.91,17
2022-06-14 14:15:11,1,0.6,1
2022-06-14 14:01:44,1,1.0,0
2022-06-14 13:09:28,3,1.0,4
2022-06-14 10:39:46,1,1.0,0
2022-06-14 05:23:13,2,1.0,0
2022-06-14 04:36:59,2,1.0,0
2022-06-14 04:12:08,13,0.94,7
2022-06-14 03:07:38,5,1.0,8
2022-06-14 00:22:25,4,1.0,0
2022-06-13 21:43:55,62,0.95,2
2022-06-13 13:19:58,0,0.5,3
2022-06-13 12:46:15,14,0.76,1
2022-06-13 12:46:34,0,0.5,2
2022-06-13 11:28:03,1,0.67,2
2022-06-13 01:51:56,1,0.67,0
2022-06-13 01:49:05,9,0.85,1
2022-06-13 01:28:11,0,0.5,0
2022-06-12 20:09:18,2,1.0,5
2022-06-12 18:59:27,1,0.6,3
2022-06-12 15:59:06,1,0.67,0
2022-06-12 13:16:39,3,0.72,7
2022-06-12 13:08:18,151,1.0,3
2022-06-12 12:22:00,3,0.81,1
2022-06-12 11:17:01,2,1.0,1
2022-06-12 03:31:34,5,1.0,0
2022-06-12 02:02:25,1,1.0,0
2022-06-11 22:28:02,1,0.67,1
2022-06-11 22:08:30,0,0.5,1
2022-06-11 20:09:13,0,0.5,3
2022-06-11 17:53:01,30,0.91,2
2022-06-11 17:37:29,1,0.6,0
2022-06-11 16:33:07,2,0.67,0
2022-06-11 09:55:38,3,0.81,1
2022-06-11 03:35:41,2,0.76,1
2022-06-10 22:39:02,3,0.72,5
2022-06-10 21:32:32,1,0.6,3
2022-06-10 20:03:50,62,0.95,16
2022-06-10 18:51:15,0,0.5,2
2022-06-10 14:10:44,1,0.67,0
2022-06-10 12:34:25,1,1.0,1
2022-06-10 08:00:23,22,0.84,2
2022-06-10 07:50:13,1,1.0,4
2022-06-10 06:17:33,2,1.0,0
2022-06-09 21:51:01,10,1.0,3
2022-06-09 05:26:39,1,1.0,0
2022-06-09 04:01:47,19,0.95,1
2022-06-09 03:21:42,10,0.78,4
2022-06-09 01:22:39,1,1.0,1
2022-06-08 20:46:15,22,0.91,1
2022-06-08 19:03:17,4,0.71,3
2022-06-08 16:33:02,3,1.0,1
2022-06-08 13:25:07,5,1.0,2
2022-06-08 12:10:07,2,0.76,3
2022-06-08 06:06:17,11,0.76,14
2022-06-08 03:37:44,4,1.0,0
2022-06-08 03:15:58,3,0.81,4
2022-06-08 03:11:02,1,1.0,1
2022-06-08 01:55:04,2,1.0,2
2022-06-07 23:54:45,1,1.0,3
2022-06-07 15:32:38,6,1.0,0
2022-06-07 15:28:58,3,0.72,4
2022-06-07 09:18:09,12,0.87,10
2022-06-07 03:55:37,3,0.72,4
2022-06-07 00:07:31,1,1.0,0
2022-06-06 21:49:24,2,0.63,5
2022-06-06 21:27:29,137,0.97,20
2022-06-06 19:35:46,4,0.83,9
2022-06-06 18:36:20,1,0.67,1
2022-06-06 17:46:12,1,1.0,1
2022-06-06 05:59:18,9,1.0,6
2022-06-06 03:45:07,0,0.29,1
2022-06-06 00:52:16,0,0.5,4
2022-06-05 17:39:50,0,0.5,1
2022-06-05 15:31:19,2,0.76,2
2022-06-05 10:26:02,6,1.0,5
2022-06-05 08:29:57,2,0.76,2
2022-06-05 04:02:25,1,0.67,1
2022-06-05 00:21:53,3,0.72,1
2022-06-04 20:49:35,6,0.88,4
2022-06-04 18:21:11,1,0.67,1
2022-06-04 17:48:50,1,0.67,1
2022-06-04 16:51:33,17,0.83,6
2022-06-04 14:35:45,1,1.0,0
2022-06-04 10:13:56,1,0.6,0
2022-06-04 00:43:34,1,1.0,2
2022-06-04 00:08:31,1,1.0,1
2022-06-03 22:40:18,0,0.33,1
2022-06-03 22:19:15,19,0.96,0
2022-06-03 16:50:10,0,0.29,0
2022-06-03 16:49:15,0,0.43,1
2022-06-03 16:02:14,2,1.0,3
2022-06-03 12:27:43,3,1.0,2
2022-06-03 06:12:37,1,1.0,1
2022-06-03 04:18:57,7,1.0,6
2022-06-03 03:10:36,1,1.0,1
2022-06-02 18:17:13,43,0.96,0
2022-06-02 18:01:44,0,0.33,4
2022-06-02 16:28:25,2,1.0,0
2022-06-02 14:29:18,5,1.0,5
2022-06-02 10:53:54,4,0.84,4
2022-06-02 09:08:13,3,0.8,1
2022-06-02 08:37:28,3,1.0,1
2022-06-02 02:41:30,1,1.0,0
2022-06-02 01:10:51,0,0.5,1
2022-06-02 00:53:38,2,0.76,1
2022-06-02 00:16:12,2,0.75,1
2022-06-01 23:12:36,3,0.71,0
2022-06-01 22:00:06,1,0.66,1
2022-06-01 20:52:54,1,1.0,0
2022-06-01 19:00:19,1,0.67,0
2022-06-01 18:56:26,1,1.0,0
2022-06-01 16:14:33,1,1.0,0
2022-06-01 11:42:31,1,1.0,0
2022-06-01 11:23:17,2,1.0,2
2022-06-01 09:43:40,68,0.95,9
2022-06-01 09:31:39,9,0.81,2
2022-06-01 09:13:09,17,0.92,1
2022-06-01 08:25:56,1,0.57,3
2022-06-01 03:48:19,2,0.76,2
2022-06-01 03:31:46,5,0.69,5
2022-06-01 02:43:33,2,1.0,0
2022-06-01 01:11:33,8,0.85,7
2022-05-31 21:54:47,3,0.81,1
2022-05-31 21:37:17,1,0.6,5
2022-05-31 19:30:21,0,0.5,1
2022-05-31 14:58:54,2,1.0,1
2022-05-31 13:40:01,2,0.75,2
2022-05-31 13:30:26,2,1.0,0
2022-05-31 09:26:55,4,1.0,0
2022-05-31 07:31:46,71,0.98,3
2022-05-31 06:11:49,2,1.0,4
2022-05-31 00:29:39,2,1.0,0
2022-05-31 00:26:49,2,1.0,0
2022-05-31 00:25:59,1,0.67,0
2022-05-30 19:57:14,2,0.67,1
2022-05-30 19:46:20,1,0.67,0
2022-05-30 19:20:57,1,1.0,1
2022-05-30 18:13:58,3,0.72,0
2022-05-30 16:58:12,9,0.81,11
2022-05-30 15:21:37,9,1.0,1
2022-05-30 15:19:09,1,0.67,0
2022-05-30 15:16:16,8,0.9,0
2022-05-30 12:24:56,1,1.0,0
2022-05-30 11:33:40,52,0.95,0
2022-05-30 10:54:59,2,1.0,4
2022-05-30 04:45:29,1,1.0,1
2022-05-30 04:40:54,0,0.5,0
2022-05-30 04:30:39,5,0.78,0
2022-05-30 02:53:53,1,1.0,1
2022-05-29 22:54:16,6,0.88,6
2022-05-29 22:26:08,1,1.0,0
2022-05-29 21:29:32,1,1.0,0
2022-05-29 18:37:57,1,0.6,0
2022-05-29 18:29:58,1,0.6,3
2022-05-29 16:39:03,10,0.92,0
2022-05-29 16:01:47,113,1.0,16
2022-05-29 14:58:05,1,0.67,0
2022-05-29 14:17:57,1,0.67,0
2022-05-29 13:44:45,1,0.67,2
2022-05-29 09:34:40,1,0.67,0
2022-05-29 09:27:02,2,0.76,9
2022-05-29 09:07:54,1,0.67,2
2022-05-29 08:35:38,1,0.67,1
2022-05-29 05:55:40,26,0.94,6
2022-05-29 00:31:59,1,0.67,2
2022-05-28 22:59:23,3,0.81,1
2022-05-28 20:34:52,0,0.5,4
2022-05-28 19:20:58,0,0.33,1
2022-05-28 18:52:32,0,0.5,13
2022-05-28 18:05:30,2,1.0,1
2022-05-28 17:03:31,0,0.5,0
2022-05-28 16:47:49,3,1.0,0
2022-05-28 12:03:10,7,0.9,9
2022-05-28 11:33:45,35,0.93,6
2022-05-28 10:18:00,3,0.67,0
2022-05-28 10:08:07,0,0.5,0
2022-05-28 09:34:35,9,0.91,5
2022-05-28 09:29:38,10,1.0,3
2022-05-28 09:25:08,1,0.67,0
2022-05-28 02:19:17,3,1.0,0
2022-05-28 01:00:49,3,0.81,1
2022-05-27 17:30:25,3,0.81,0
2022-05-27 14:50:14,1,0.67,0
2022-05-27 12:36:41,0,0.5,0
2022-05-27 12:35:09,93,0.92,1
2022-05-27 11:32:07,2,1.0,0
2022-05-27 09:35:16,1,1.0,1
2022-05-27 02:45:08,1,1.0,6
2022-05-27 00:22:28,17,0.95,67
2022-05-26 21:10:46,1,0.53,4
2022-05-26 15:18:59,9,0.85,2
2022-05-26 13:58:49,5,0.65,8
2022-05-26 13:40:50,10,0.81,4
2022-05-26 12:17:19,3,1.0,4
2022-05-26 06:16:46,4,0.75,0
2022-05-26 03:21:44,2,0.63,6
2022-05-25 20:42:20,2,0.67,6
2022-05-25 20:28:47,1,0.66,0
2022-05-25 20:09:15,1,1.0,0
2022-05-25 19:15:22,0,0.5,0
2022-05-25 19:01:58,1,1.0,1
2022-05-25 18:32:03,5,0.86,3
2022-05-25 17:55:14,1,1.0,0
2022-05-25 17:44:55,6,1.0,4
2022-05-25 17:01:50,0,0.44,0
2022-05-25 16:43:56,2,1.0,1
2022-05-25 14:16:50,3,1.0,2
2022-05-25 10:51:09,3,1.0,4
2022-05-25 04:45:33,0,0.33,0
2022-05-25 04:42:39,30,0.82,6
2022-05-25 02:30:45,5,0.86,2
2022-05-24 23:45:31,3,0.67,1
2022-05-24 20:13:11,5,1.0,1
2022-05-24 18:03:53,2,0.67,3
2022-05-24 16:14:15,16,0.84,4
2022-05-24 14:33:58,0,0.5,3
2022-05-24 13:37:35,3,1.0,2
2022-05-24 12:22:17,0,0.5,0
2022-05-24 11:34:23,2,1.0,0
2022-05-24 08:21:03,63,0.96,12
2022-05-23 21:11:34,1,1.0,2
2022-05-23 20:39:06,1,0.67,0
2022-05-23 14:13:49,6,0.56,12
2022-05-23 13:58:51,2,1.0,0
2022-05-23 12:35:02,1,0.67,0
2022-05-23 06:52:36,1,0.67,0
2022-05-23 02:04:04,7,1.0,0
2022-05-23 01:00:48,2,1.0,1
2022-05-22 22:07:26,1,1.0,0
2022-05-22 21:12:48,7,0.9,1
2022-05-22 21:12:12,2,1.0,1
2022-05-22 17:28:00,1,0.57,3
2022-05-22 03:26:03,0,0.33,0
2022-05-22 02:56:52,1,0.66,2
2022-05-21 20:08:08,1,0.67,0
2022-05-21 17:47:32,2,0.76,1
2022-05-21 16:59:53,2,0.76,0
2022-05-21 16:33:44,0,0.4,4
2022-05-21 15:46:47,2,0.76,0
2022-05-21 11:30:11,7,0.89,3
2022-05-21 11:11:45,75,0.98,6
2022-05-21 04:10:15,2,1.0,4
2022-05-21 02:57:45,3,1.0,6
2022-05-20 22:07:25,1,0.67,0
2022-05-20 20:14:23,13,0.69,3
2022-05-20 19:36:52,6,1.0,8
2022-05-20 18:42:17,2,0.76,1
2022-05-20 16:21:25,1,1.0,0
2022-05-20 15:46:04,0,0.5,4
2022-05-20 09:55:57,5,1.0,2
2022-05-20 03:15:09,1,1.0,2
2022-05-19 23:41:23,1,0.67,0
2022-05-19 20:57:52,3,1.0,0
2022-05-19 19:44:39,12,0.93,9
2022-05-19 19:27:43,12,0.8,21
2022-05-19 16:45:35,2,0.75,0
2022-05-19 16:32:54,17,0.84,2
2022-05-19 16:26:53,0,0.25,0
2022-05-19 10:11:54,1,0.6,0
2022-05-19 07:55:10,4,1.0,5
2022-05-19 02:43:30,1,0.57,7
2022-05-19 00:29:55,1,0.67,2
2022-05-18 19:08:50,4,0.76,3
2022-05-18 18:48:24,2,0.67,4
2022-05-18 12:35:20,2,1.0,2
2022-05-18 11:57:43,17,1.0,19
2022-05-18 03:55:14,1,1.0,3
2022-05-18 03:29:54,2,1.0,3
2022-05-18 01:13:48,26,0.95,7
2022-05-17 19:11:21,2,0.75,1
2022-05-17 14:35:18,1,0.67,5
2022-05-17 12:30:12,7,0.67,4
2022-05-17 11:35:18,3,0.72,4
2022-05-17 11:13:01,3,0.8,2
2022-05-17 08:14:13,3,1.0,6
2022-05-17 01:05:36,1,1.0,5
2022-05-16 21:23:09,1,0.67,1
2022-05-16 20:11:24,9,0.92,0
2022-05-16 16:43:08,3,0.81,4
2022-05-16 15:52:38,1,1.0,0
2022-05-16 12:46:41,6,1.0,0
2022-05-16 02:31:49,25,0.95,1
2022-05-16 02:26:57,8,0.84,2
2022-05-15 23:37:22,4,0.83,5
2022-05-15 22:11:23,2,1.0,0
2022-05-15 21:48:44,5,0.85,1
2022-05-15 21:46:37,1,1.0,5
2022-05-15 21:39:09,1,1.0,0
2022-05-15 09:39:21,2,1.0,2
2022-05-15 09:34:59,2,1.0,0
2022-05-15 09:11:26,3,0.8,1
2022-05-15 06:46:37,1,0.6,1
2022-05-15 02:30:24,7,0.67,4
2022-05-15 02:26:52,5,0.79,0
2022-05-15 00:01:36,9,0.84,4
2022-05-14 23:44:11,1,0.67,0
2022-05-14 21:20:51,1,0.67,1
2022-05-14 20:28:00,1,0.67,1
2022-05-14 20:10:21,2,0.76,0
2022-05-14 16:45:52,2,1.0,0
2022-05-14 16:07:21,9,0.92,7
2022-05-14 12:53:05,6,0.88,0
2022-05-14 08:23:22,2,0.67,2
2022-05-14 01:59:21,12,0.85,6
2022-05-13 23:02:19,0,0.5,0
2022-05-13 21:05:07,0,0.5,6
2022-05-13 20:42:02,0,0.5,6
2022-05-13 19:19:41,1,1.0,0
2022-05-13 16:51:58,1,0.67,8
2022-05-13 15:05:41,2,1.0,0
2022-05-13 13:02:07,4,1.0,2
2022-05-13 07:33:25,1,1.0,0
2022-05-13 06:11:50,3,0.57,12
2022-05-13 01:13:23,3,0.8,0
2022-05-13 01:09:40,1,0.6,1
2022-05-12 19:53:33,3,1.0,1
2022-05-12 17:44:23,31,0.71,35
2022-05-12 17:03:10,7,1.0,1
2022-05-12 16:44:41,0,0.5,0
2022-05-12 16:38:07,10,1.0,3
2022-05-12 05:01:16,0,0.5,0
2022-05-12 00:46:49,6,1.0,4
2022-05-11 21:23:16,1,0.66,0
2022-05-11 17:42:11,1,0.67,5
2022-05-11 14:55:30,3,0.81,0
2022-05-11 14:44:29,15,1.0,1
2022-05-11 14:22:03,1,1.0,0
2022-05-11 11:24:00,18,0.93,7
2022-05-11 05:50:15,2,1.0,0
2022-05-11 05:37:50,0,0.5,0
2022-05-11 03:29:21,2,1.0,2
2022-05-10 19:03:32,8,0.91,8
2022-05-10 17:59:07,3,0.8,0
2022-05-10 13:20:30,3,1.0,3
2022-05-10 05:55:43,0,0.21,4
2022-05-10 03:21:51,0,0.33,0
2022-05-10 01:44:35,4,0.75,13
2022-05-10 00:11:14,0,0.47,2
2022-05-09 19:27:18,0,0.5,0
2022-05-09 15:25:14,1,1.0,1
